{"size":855,"gyro":[[0.030874874,0.010646508,0.0010646508],[0.0031939526,-0.0010646508,0.0],[0.006387905,0.005323254,0.0],[-0.0021293017,-0.0031939526,0.0],[0.0031939526,0.0010646508,-0.0010646508],[-0.0031939526,-0.0031939526,0.0021293017],[-0.0042586033,-0.0010646508,-0.0010646508],[-0.0042586033,-0.0031939526,-0.0010646508],[0.0,-0.0010646508,0.0],[-0.006387905,0.0010646508,0.0],[-0.0042586033,-0.0010646508,0.0],[0.0,0.0010646508,0.0],[-0.0042586033,-0.0010646508,-0.0010646508],[-0.0021293017,-0.0010646508,-0.0010646508],[-0.0010646508,-0.0021293017,0.0],[-0.0021293017,-0.0010646508,0.0],[-0.0021293017,-0.0010646508,-0.0021293017],[0.0,-0.0010646508,0.0010646508],[0.0,0.0010646508,0.0021293017],[0.0,0.0,0.0],[0.0,0.0,-0.0021293017],[0.0,-0.0031939526,-0.0010646508],[-0.0010646508,0.0,0.0],[0.0,-0.0031939526,0.0],[0.0010646508,0.0010646508,0.0],[0.0,-0.0021293017,0.0],[0.0,0.0021293017,-0.0021293017],[-0.0010646508,-0.0021293017,-0.0021293017],[-0.0010646508,0.0,-0.0010646508],[-0.0010646508,-0.0021293017,0.0010646508],[-0.0010646508,-0.0010646508,-0.0021293017],[0.0031939526,0.0,0.0010646508],[0.0,0.0,-0.0021293017],[-0.0010646508,0.0,0.0010646508],[-0.0010646508,0.0,-0.0010646508],[-0.0031939526,-0.0042586033,0.0010646508],[-0.0010646508,-0.0021293017,-0.0010646508],[-0.0010646508,-0.0021293017,-0.0010646508],[-0.0010646508,-0.0042586033,0.0],[-0.0021293017,-0.0031939526,-0.0010646508],[-0.0021293017,-0.0031939526,-0.0021293017],[-0.005323254,-0.0031939526,-0.0010646508],[-0.0021293017,-0.0021293017,-0.0010646508],[-0.0031939526,-0.0021293017,-0.0010646508],[-0.0031939526,0.0,0.0],[0.0,-0.0010646508,0.0],[0.0,0.0,0.0],[-0.0021293017,-0.0021293017,0.0],[0.0021293017,0.0,0.0],[0.0,0.0010646508,0.0],[0.0021293017,0.0,-0.0021293017],[0.0,0.0021293017,0.0],[0.0010646508,0.0010646508,0.0],[-0.0021293017,-0.0010646508,0.0],[0.0,0.0,-0.0010646508],[0.0021293017,0.0031939526,-0.0021293017],[0.0042586033,0.0010646508,-0.0021293017],[0.007452556,0.0021293017,-0.0021293017],[0.0031939526,0.0021293017,-0.0042586033],[0.0,0.0010646508,0.0],[-0.0031939526,-0.0010646508,-0.0010646508],[-0.005323254,-0.0042586033,-0.0010646508],[-0.007452556,-0.0042586033,-0.0010646508],[-0.007452556,-0.005323254,0.0],[-0.0031939526,-0.0031939526,0.0010646508],[-0.0042586033,-0.0021293017,0.0021293017],[-0.0042586033,0.0,0.0021293017],[-0.0031939526,0.0,0.0021293017],[-0.0042586033,-0.0031939526,0.0021293017],[0.0,0.0,0.0021293017],[0.0010646508,0.0021293017,0.0],[0.0021293017,-0.0010646508,0.0021293017],[0.0021293017,0.0,-0.0010646508],[0.0031939526,0.0,0.0],[0.0010646508,0.0010646508,-0.0010646508],[0.0021293017,-0.0021293017,-0.0010646508],[0.0021293017,0.0021293017,-0.0031939526],[0.0042586033,0.0021293017,-0.0031939526],[-0.0010646508,0.0010646508,-0.0042586033],[0.0021293017,0.0010646508,-0.0031939526],[0.005323254,-0.0010646508,-0.0042586033],[0.0031939526,0.0021293017,-0.0031939526],[-0.0021293017,0.0,-0.0021293017],[-0.005323254,-0.005323254,-0.0021293017],[-0.007452556,-0.0042586033,0.0010646508],[-0.007452556,-0.005323254,0.0010646508],[-0.0031939526,-0.006387905,0.0021293017],[-0.0042586033,-0.0042586033,0.0010646508],[-0.0031939526,-0.0010646508,0.0],[-0.0042586033,-0.0021293017,0.0],[-0.0021293017,0.0,-0.0010646508],[-0.0031939526,-0.0031939526,0.0],[-0.0021293017,0.0,-0.0010646508],[0.0,0.0010646508,0.0],[-0.0031939526,0.0010646508,0.0],[-0.0021293017,-0.0031939526,0.0010646508],[-0.0010646508,-0.0010646508,0.0]],"acc":[[0.41392875,1.8406144,9.595021],[0.40534794,1.8955566,9.686203],[0.36140954,1.8414763,9.64393],[0.41931093,1.8715762,9.691844],[0.35256058,1.8506509,9.603431],[0.39597222,1.861147,9.664147],[0.40930313,1.826297,9.65187],[0.42060378,1.8238837,9.600367],[0.36583403,1.8610129,9.733829],[0.42702982,1.856579,9.639898],[0.403739,1.8341117,9.7039385],[0.41736683,1.8699481,9.625198],[0.37517142,1.8490995,9.721493],[0.44506294,1.8771977,9.671607],[0.374683,1.8404133,9.638549],[0.4343848,1.8701205,9.643212],[0.37403178,1.833949,9.674146],[0.41149625,1.855353,9.66726],[0.40380606,1.8471936,9.675658],[0.4499184,1.8723233,9.675582],[0.3733901,1.8612045,9.637226],[0.41752964,1.8582741,9.711946],[0.39636487,1.8358834,9.653843],[0.4092936,1.8704462,9.624586],[0.39435375,1.8490132,9.663534],[0.4442202,1.8459582,9.643758],[0.41054812,1.844991,9.672623],[0.4264456,1.8899636,9.640982],[0.36877412,1.8392448,9.661255],[0.4499184,1.8690671,9.644945],[0.37683776,1.8147091,9.644256],[0.4260051,1.8510914,9.671091],[0.3927257,1.8606969,9.638874],[0.44410527,1.8720838,9.645655],[0.35624766,1.8432001,9.651984],[0.43578303,1.8756175,9.659914],[0.3970927,1.852461,9.66454],[0.43444225,1.8322825,9.677929],[0.40812522,1.8349642,9.670104],[0.42243296,1.863522,9.667202],[0.37805402,1.8431714,9.658497],[0.40060738,1.8506795,9.679844],[0.40526173,1.8640776,9.63784],[0.41412985,1.8518767,9.649619],[0.36482847,1.8582357,9.684536],[0.4371908,1.8462456,9.668294],[0.39327157,1.8258086,9.653412],[0.4046488,1.8287008,9.631261],[0.40680358,1.837205,9.634354],[0.4481754,1.871423,9.695138],[0.41241562,1.8652363,9.654024],[0.42548794,1.8634359,9.702426],[0.42515278,1.8434491,9.646544],[0.43683645,1.8836526,9.672287],[0.37369657,1.8473852,9.673245],[0.4573117,1.8278868,9.650874],[0.39568493,1.851666,9.676166],[0.42639774,1.8717868,9.634766],[0.4144746,1.8814979,9.663994],[0.39888358,1.8610991,9.639066],[0.38144422,1.8498465,9.682908],[0.4045818,1.8820723,9.648557],[0.39912298,1.8433534,9.648145],[0.40658334,1.8534473,9.664578],[0.42463562,1.887081,9.63423],[0.39833772,1.8641063,9.638041],[0.40166086,1.8549604,9.648891],[0.40229294,1.8580825,9.679949],[0.44574288,1.8196795,9.638041],[0.43177032,1.8453549,9.675227],[0.38953662,1.8483813,9.671244],[0.41840112,1.8624686,9.673973],[0.3892589,1.8432384,9.628885],[0.40769425,1.848295,9.6263],[0.42869616,1.846418,9.623417],[0.44583866,1.8571535,9.652263],[0.39421007,1.8324645,9.669443],[0.4217147,1.8311332,9.634162],[0.3688124,1.8559661,9.669692],[0.3820763,1.8465616,9.624652],[0.43942222,1.8624208,9.645807],[0.3938749,1.9007375,9.649217],[0.35976234,1.8325411,9.658822],[0.41480982,1.8806359,9.676855],[0.39799294,1.8428361,9.62992],[0.40371987,1.8307024,9.610393],[0.42097726,1.8470212,9.656668],[0.43113828,1.8732809,9.675534],[0.43820596,1.8829917,9.607557],[0.3810803,1.8344085,9.685456],[0.43728656,1.8973761,9.6899185],[0.44035116,1.867487,9.658679],[0.3924001,1.8502487,9.723322],[0.39373127,1.8626028,9.636423],[0.43168414,1.8511298,9.682553],[0.36737588,1.8353088,9.627037],[0.37437654,1.828787,9.685494]],"x":[309.6087,312.24936,339.6963,378.4466,404.4317,428.42377,450.07385,466.5728,475.20776,476.59503,465.54126,447.6762,426.976,405.99274,377.636,353.19028,326.9491,289.02292,262.78323,244.90173,228.03952,208.63498,196.51556,193.70102,202.74216,220.15009,241.9768,260.29825,278.3207,300.66183,331.58838,360.01776,414.11584,455.95917,487.06946,506.56708,525.3482,539.32306,546.9786,548.38763,539.972,524.13324,497.3885,460.74707,425.51904,384.92215,348.15814,305.84625,274.41464,260.19537,247.07681,233.8677,232.73639,246.76825,275.58234,329.61093,391.0712,438.83057,482.66882,523.0554,555.7869,588.50433,612.026,622.73846,624.3173,610.8098,578.9808,538.1187,471.25055,391.0631,338.93268,308.92883,278.07425,253.1271,236.67566,223.29547,213.444,226.5101,253.1684,284.40588,329.33185,376.71246,418.90796,456.87408,490.9001,511.78613,520.46606,516.78845,493.13885,441.6562,362.3335,268.13947,198.0535,161.94699,132.98651,110.96629,104.05873],