{"size":855,"gyro":[[-0.0010646508,-0.0042586033,-0.0010646508],[-0.0031939526,0.0021293017,-0.0021293017],[0.0010646508,-0.0010646508,0.0010646508],[0.008517207,0.0031939526,0.0010646508],[-0.0021293017,-0.005323254,-0.0010646508],[0.0021293017,0.0,0.0010646508],[-0.0010646508,-0.0042586033,0.0010646508],[0.0010646508,0.0010646508,-0.0021293017],[-0.005323254,-0.0010646508,0.0],[-0.0031939526,0.0031939526,-0.0010646508],[-0.0042586033,0.0021293017,-0.0010646508],[0.0,0.0042586033,-0.0010646508],[-0.0010646508,0.0,0.0],[-0.0010646508,0.0010646508,0.0],[0.0010646508,0.0042586033,-0.0010646508],[0.0,-0.0010646508,0.0],[-0.0021293017,0.0,0.0],[-0.0021293017,-0.0021293017,-0.0021293017],[0.0010646508,0.0,0.0010646508],[0.0010646508,-0.0010646508,0.0010646508],[0.0,0.0010646508,0.0010646508],[-0.0021293017,0.0,-0.0010646508],[0.0,0.0,0.0],[-0.0010646508,-0.0010646508,-0.0031939526],[-0.0010646508,0.0010646508,-0.0021293017],[0.0021293017,0.0021293017,-0.0010646508],[0.0021293017,-0.0010646508,0.0],[0.0042586033,0.0010646508,-0.0021293017],[0.006387905,0.0021293017,-0.005323254],[0.005323254,0.006387905,-0.005323254],[0.0010646508,0.0021293017,-0.0021293017],[-0.0031939526,-0.0010646508,-0.0010646508],[-0.005323254,-0.0042586033,-0.0010646508],[-0.0042586033,-0.0021293017,0.0010646508],[-0.0042586033,0.0,0.0],[-0.0042586033,-0.0021293017,-0.0010646508],[-0.0042586033,0.0010646508,0.0],[-0.0042586033,-0.0010646508,0.0],[-0.0021293017,-0.0031939526,-0.0010646508],[-0.0031939526,-0.0021293017,0.0],[-0.0031939526,-0.0042586033,0.0031939526],[-0.005323254,-0.005323254,0.0042586033],[-0.0042586033,-0.0010646508,0.005323254],[0.0,-0.0031939526,0.0],[0.0,-0.0010646508,0.0010646508],[0.0,-0.0010646508,0.0],[-0.0021293017,0.0,-0.0010646508],[-0.0010646508,-0.0010646508,0.0],[0.0010646508,-0.0010646508,-0.0021293017],[-0.0010646508,-0.0010646508,-0.0010646508],[0.0,0.0010646508,-0.0010646508],[0.0010646508,0.0010646508,0.0010646508],[0.0021293017,-0.0010646508,0.0010646508],[0.0031939526,0.0010646508,-0.0010646508],[-0.0010646508,-0.0021293017,-0.0010646508],[-0.0021293017,0.0,-0.0010646508],[-0.0042586033,-0.0021293017,-0.0021293017],[-0.0042586033,0.0042586033,0.0],[-0.0031939526,0.0010646508,0.0],[-0.0042586033,-0.0021293017,0.0],[0.0,-0.0021293017,-0.0010646508]],"acc":[[0.3790596,1.8518384,9.900302],[0.39826107,1.8714997,9.5606985],[0.39517736,1.8541081,9.7987585],[0.39394197,1.8436406,9.6146345],[0.35718617,1.8438991,9.616561],[0.39582857,1.8503444,9.688654],[0.3941239,1.8338245,9.670736],[0.43333137,1.852595,9.702808],[0.37841794,1.827475,9.611628],[0.3803333,1.8406719,9.725831],[0.41820002,1.8339777,9.619654],[0.386903,1.8433437,9.714014],[0.36870706,1.847251,9.628502],[0.3808792,1.8408443,9.696785],[0.38833952,1.8542135,9.641872],[0.3958477,1.8491569,9.663055],[0.40361452,1.8420509,9.644658],[0.39132747,1.8627464,9.643231],[0.37950972,1.840643,9.658037],[0.4020918,1.8418115,9.629393],[0.393511,1.8612236,9.682516],[0.36892733,1.8397813,9.655576],[0.37486497,1.848927,9.664694],[0.38457584,1.8543859,9.623877],[0.3949571,1.8459678,9.636471],[0.37019145,1.8458433,9.643078],[0.40715793,1.8577281,9.638021],[0.4013544,1.8333551,9.710356],[0.43664494,1.8665771,9.651075],[0.38414487,1.8644894,9.6409235],[0.3551176,1.8542708,9.662816],[0.37780502,1.8289882,9.68244],[0.37915537,1.8301948,9.661715],[0.40716752,1.8520778,9.65096],[0.39988914,1.8312483,9.635953],[0.3818752,1.8664047,9.669041],[0.38315848,1.825301,9.646766],[0.38019922,1.845422,9.670669],[0.3621661,1.8379807,9.675113],[0.38184643,1.8235868,9.694688],[0.38346493,1.8271494,9.658343],[0.35780865,1.8428361,9.648776],[0.43119574,1.8664527,9.683502],[0.37745067,1.8563491,9.643261],[0.38609853,1.8345331,9.639334],[0.42177215,1.8580537,9.6411915],[0.39395154,1.8633689,9.616216],[0.3746351,1.8324071,9.655739],[0.37950972,1.8228015,9.676664],[0.40193856,1.8136364,9.660834],[0.38752547,1.8311046,9.653813],[0.3694828,1.8420317,9.650472],[0.39805996,1.8522215,9.64371],[0.42374498,1.8373104,9.644256],[0.398807,1.8358259,9.6505575],[0.37724957,1.8607258,9.635455],[0.3850738,1.8397237,9.655796],[0.3944591,1.8550371,9.692466],[0.3971789,1.8319187,9.675965],[0.387401,1.8316889,9.690359],[0.40054995,1.831277,9.684048]],"x":[130.77429,130.77429,130.77429,130.77429,130.77429,129.30498,116.12567,108.11734,109.853546,115.515076,126.540634,138.99474,155.85077,177.18082,197.77246,211.09372,221.14526,232.24457,244.17926,262.3701,292.0221,310.30573,321.81485,333.89615,348.21747,365.36737,386.29828,416.0921,445.75372,475.995,502.7619,533.7522,569.2306,595.46155,624.4091,645.9931,660.50085,671.6798,676.78516,677.03467,673.3255,667.4082,658.5397,647.1371,629.58594,592.0533,553.32477,512.9002,462.41016,423.73303,386.07425,352.7136,321.90326,297.53683,276.81146,251.97595,225.2287,203.49643,173.42761,113.74983,105.79741],"y":[660.40857,660.40857,660.40857,660.40857,660.40857,655.99854,597.7887,526.5178,472.87305,425.21875,378.48083,335.21155,286.31116,237.9508,204.10352,190.21814,182.97864,180.61609,187.47882,208.90521,264.37408,330.83252,381.5802,433.54932,488.18103,539.796,586.9957,629.64575,654.8644,668.62756,671.4038,664.11975,642.5714,620.43445,581.12317,542.068,500.82642,454.16895,402.25732,345.42004,296.7356,263.3651,240.53888,228.43634,218.29443,207.16083,202.20966,212.16699,245.29706,286.71722,339.7776,398.4231,460.68872,517.67786,567.22327,623.0154,675.07153,701.8214,715.15393,712.67676,711.3866],"time":[0,15415105,24663542,8967188,15737500,16528646,17642708,16031770,16484896,16396354,16511459,16581771,17027083,16751563,16665105,17030730,15535417,17347396,17248959,16564583,16004166,17193750,16014583,16498958,16797916,16584896,17357813,16051042,17086979,16203125,17103646,15894792,16872396,17161979,16116666,16633334,17208333,16305729,15906771,16753125,16833333,17086979,16207291,17120833,16178125,16672396,16264063,16675521,16694792,16445833,17081771,16557292,16614583,16421354,16468750,16819271,17286458,16269792,16208855,16601041,15818750],"rawTime":[229225522355646,229225537644188,229225562312417,229225571283771,229225587023355,229225603554084,229225621202001,229225637236896,229225653725438,229225670124396,229225686638980,229225703223355,229225720253563,229225737008771,229225753677521,229225770709813,229225786247313,229225803596271,229225820847313,229225837413459,229225853420750,229225870615542,229225886631688,229225903132730,229225919933250,229225936521271,229225953880646,229225969935334,229225987025438,229226003230125,229226020337938,229226036235334,229226053109813,229226070273355,229226086393146,229226103029605,229226120240021,229226136547313,229226152455646,229226169210334,229226186046792,229226203138459,229226219348355,229226236470750,229226252652000,229226269328042,229226285593667,229226302271271,229226318969188,229226335417625,229226352502521,229226369062938,229226385679605,229226402103563,229226418574917,229226435396792,229226452687417,229226468958250,229226485169709,229226501773355,229226517595230],"aproperties":[{"resolution":78.4532,"maxRange":9.576806E-6,"minDelay":4000,"maxDelay":200000}],"gproperties":[{"resolution":34.906586,"maxRange":1.7453292E-5,"minDelay":4000,"maxDelay":200000}]}